,sym_1,sym_2,p_value,t_value,c_value,hedge_ratio,zero_crossings
167,API3USDT,FLMUSDT,0.0,-6.86,-3.37,18.07,60
425,ENJUSDT,ADAUSDT,0.02,-3.61,-3.37,0.94,56
849,YGGUSDT,ADAUSDT,0.03,-3.59,-3.37,0.67,52
475,LITUSDT,WAVESUSDT,0.0,-4.47,-3.37,0.31,48
28,1000XECUSDT,JSTUSDT,0.04,-3.41,-3.37,1.39,46
31,1INCHUSDT,DGBUSDT,0.01,-3.83,-3.37,75.47,46
769,XRPUSDT,CTCUSDT,0.0,-13.84,-3.37,1.01,46
422,DOGEUSDT,ADAUSDT,0.01,-4.1,-3.37,0.26,46
461,KDAUSDT,ADAUSDT,0.0,-4.29,-3.37,2.69,44
549,SANDUSDT,ADAUSDT,0.01,-3.85,-3.37,1.76,44
133,ALICEUSDT,NEOUSDT,0.0,-5.44,-3.37,0.18,44
714,XNOUSDT,AAVEUSDT,0.0,-4.2,-3.37,0.01,44
691,WAVESUSDT,CTCUSDT,0.0,-6.02,-3.37,6.13,43
632,TOMOUSDT,MINAUSDT,0.01,-4.04,-3.37,0.54,43
225,ASTRUSDT,KDAUSDT,0.0,-5.17,-3.37,0.04,43
147,ALPHAUSDT,OGNUSDT,0.0,-4.26,-3.37,0.85,42
150,ALPHAUSDT,TLMUSDT,0.0,-4.86,-3.37,5.73,41
446,ICPUSDT,ADAUSDT,0.01,-3.92,-3.37,11.7,41
139,ALPHAUSDT,DUSKUSDT,0.0,-5.02,-3.37,0.98,41
484,ONTUSDT,MTLUSDT,0.0,-4.59,-3.37,0.25,41
636,TRBUSDT,ADAUSDT,0.01,-4.07,-3.37,34.77,41
268,BAKEUSDT,ADAUSDT,0.01,-3.97,-3.37,0.54,41
179,API3USDT,XLMUSDT,0.0,-5.07,-3.37,15.93,40
703,XEMUSDT,ICXUSDT,0.0,-4.63,-3.37,0.21,40
708,XEMUSDT,ZILUSDT,0.01,-4.07,-3.37,1.49,40
161,API3USDT,COMPUSDT,0.0,-4.44,-3.37,0.04,40
197,ASTRUSDT,BTCUSDT,0.0,-4.36,-3.37,0.0,40
4,1000BTTUSDT,ADAUSDT,0.03,-3.59,-3.37,0.0,40
649,TRXUSDT,JSTUSDT,0.03,-3.59,-3.37,2.42,40
590,TOMOUSDT,AKROUSDT,0.02,-3.63,-3.37,109.91,39
132,ALICEUSDT,MINAUSDT,0.01,-3.94,-3.37,2.15,39
866,ZILUSDT,ICXUSDT,0.0,-4.29,-3.37,0.14,39
26,1000XECUSDT,CEEKUSDT,0.04,-3.41,-3.37,0.29,39
169,API3USDT,KSMUSDT,0.02,-3.63,-3.37,0.06,39
130,ALICEUSDT,IOTAUSDT,0.0,-4.47,-3.37,5.45,39
37,AAVEUSDT,BLZUSDT,0.0,-4.31,-3.37,1006.38,37
193,ASTRUSDT,BNBUSDT,0.0,-5.55,-3.37,0.0,37
604,TOMOUSDT,CTCUSDT,0.03,-3.55,-3.37,0.8,37
516,RNDRUSDT,ADAUSDT,0.03,-3.58,-3.37,1.45,37
129,ALICEUSDT,HOTUSDT,0.0,-4.85,-3.37,765.49,37
485,ONTUSDT,QTUMUSDT,0.0,-4.16,-3.37,0.08,37
527,RUNEUSDT,DENTUSDT,0.0,-5.16,-3.37,1746.6,37
6,1000BTTUSDT,DOTUSDT,0.01,-3.79,-3.37,0.0,37
565,SLPUSDT,ANKRUSDT,0.01,-3.86,-3.37,0.12,37
472,LITUSDT,IOTXUSDT,0.01,-4.05,-3.37,28.92,36
790,XRPUSDT,FILUSDT,0.0,-13.7,-3.37,0.09,36
166,API3USDT,EOSUSDT,0.01,-4.07,-3.37,1.58,36
208,ASTRUSDT,EGLDUSDT,0.0,-4.24,-3.37,0.0,36
805,XRPUSDT,HOTUSDT,0.0,-13.88,-3.37,243.12,36
777,XRPUSDT,DGBUSDT,0.0,-14.03,-3.37,54.8,36
44,AAVEUSDT,DGBUSDT,0.01,-3.8,-3.37,8489.16,36
420,CVXUSDT,ADAUSDT,0.02,-3.77,-3.37,11.99,36
693,WAVESUSDT,DGBUSDT,0.03,-3.53,-3.37,332.99,36
785,XRPUSDT,ENSUSDT,0.0,-14.05,-3.37,0.03,35
136,ALPHAUSDT,AVAXUSDT,0.03,-3.55,-3.37,0.01,35
497,RENUSDT,1000BTTUSDT,0.0,-4.73,-3.37,115.93,35
591,TOMOUSDT,API3USDT,0.05,-3.37,-3.37,0.21,35
215,ASTRUSDT,GLMRUSDT,0.0,-4.28,-3.37,0.1,35
42,AAVEUSDT,CTCUSDT,0.0,-4.27,-3.37,156.35,35
488,QTUMUSDT,AKROUSDT,0.02,-3.6,-3.37,757.06,35
470,LINAUSDT,ADAUSDT,0.0,-4.67,-3.37,0.02,35
613,TOMOUSDT,FLMUSDT,0.02,-3.71,-3.37,3.78,35
611,TOMOUSDT,FILUSDT,0.01,-3.9,-3.37,0.07,35
607,TOMOUSDT,DENTUSDT,0.0,-4.6,-3.37,438.94,35
378,CELUSDT,1INCHUSDT,0.0,-4.48,-3.37,0.95,35
526,RUNEUSDT,CTCUSDT,0.01,-3.93,-3.37,3.17,35
776,XRPUSDT,DENTUSDT,0.0,-13.94,-3.37,556.26,34
793,XRPUSDT,FLOWUSDT,0.0,-13.86,-3.37,0.31,34
520,RUNEUSDT,ARPAUSDT,0.01,-3.82,-3.37,44.62,34
112,AKROUSDT,UNFIUSDT,0.01,-4.02,-3.37,0.0,34
185,ASTRUSDT,AUDIOUSDT,0.0,-4.21,-3.37,0.25,34
412,COTIUSDT,ASTRUSDT,0.02,-3.68,-3.37,1.99,34
726,XRPUSDT,AKROUSDT,0.0,-13.75,-3.37,139.26,34
643,TRXUSDT,CEEKUSDT,0.02,-3.76,-3.37,0.51,34
817,XRPUSDT,KDAUSDT,0.0,-13.68,-3.37,0.42,34
164,API3USDT,DUSKUSDT,0.04,-3.42,-3.37,15.94,34
283,BAKEUSDT,BLZUSDT,0.0,-5.91,-3.37,3.08,34
247,ASTRUSDT,SLPUSDT,0.01,-3.85,-3.37,14.46,34
39,AAVEUSDT,CHRUSDT,0.02,-3.73,-3.37,526.37,34
49,AAVEUSDT,FLMUSDT,0.0,-4.75,-3.37,741.18,34
137,ALPHAUSDT,CTCUSDT,0.01,-3.88,-3.37,0.23,33
495,QTUMUSDT,MTLUSDT,0.0,-4.43,-3.37,3.01,33
251,ASTRUSDT,SUNUSDT,0.03,-3.53,-3.37,7.21,33
821,XRPUSDT,LDOUSDT,0.0,-14.05,-3.37,0.32,33
105,AKROUSDT,CEEKUSDT,0.0,-5.12,-3.37,0.03,33
182,ASTRUSDT,1000BTTUSDT,0.0,-4.77,-3.37,54.2,33
263,BAKEUSDT,1000BTTUSDT,0.03,-3.51,-3.37,267.38,33
347,BAKEUSDT,OMGUSDT,0.01,-3.99,-3.37,0.16,32
862,ZILUSDT,ANKRUSDT,0.01,-3.93,-3.37,1.01,32
45,AAVEUSDT,DODOUSDT,0.0,-5.33,-3.37,505.36,32
369,CELOUSDT,LTCUSDT,0.01,-3.87,-3.37,0.01,32
122,ALICEUSDT,DGBUSDT,0.0,-4.23,-3.37,172.49,32
217,ASTRUSDT,GTCUSDT,0.0,-5.13,-3.37,0.02,32
165,API3USDT,ENSUSDT,0.04,-3.42,-3.37,0.11,32
449,ICXUSDT,MTLUSDT,0.02,-3.6,-3.37,0.23,32
735,XRPUSDT,ARPAUSDT,0.0,-13.91,-3.37,14.21,32
8,1000BTTUSDT,GTCUSDT,0.0,-4.38,-3.37,0.0,32
310,BAKEUSDT,FILUSDT,0.03,-3.52,-3.37,0.04,32
760,XRPUSDT,CELUSDT,0.0,-13.61,-3.37,0.76,32
138,ALPHAUSDT,DARUSDT,0.0,-4.28,-3.37,0.65,32
191,ASTRUSDT,BITUSDT,0.0,-5.68,-3.37,0.12,32
321,BAKEUSDT,ICPUSDT,0.0,-4.78,-3.37,0.05,32
171,API3USDT,OGNUSDT,0.0,-4.76,-3.37,13.89,32
170,API3USDT,MINAUSDT,0.03,-3.48,-3.37,2.58,32
493,QTUMUSDT,CEEKUSDT,0.04,-3.43,-3.37,20.54,32
126,ALICEUSDT,FLOWUSDT,0.04,-3.4,-3.37,0.99,31
544,RUNEUSDT,SNXUSDT,0.01,-3.93,-3.37,0.69,31
261,AUDIOUSDT,AAVEUSDT,0.02,-3.71,-3.37,0.0,31
245,ASTRUSDT,SHIB1000USDT,0.0,-4.56,-3.37,3.99,31
218,ASTRUSDT,HNTUSDT,0.0,-4.99,-3.37,0.01,31
458,KDAUSDT,1000BTTUSDT,0.01,-3.82,-3.37,1326.66,31
443,HNTUSDT,ADAUSDT,0.0,-4.37,-3.37,7.44,31
709,XLMUSDT,AAVEUSDT,0.02,-3.72,-3.37,0.0,31
9,1000BTTUSDT,INJUSDT,0.03,-3.51,-3.37,0.0,31
865,ZILUSDT,CEEKUSDT,0.0,-4.36,-3.37,0.21,31
867,ZILUSDT,MTLUSDT,0.0,-4.38,-3.37,0.03,31
835,XRPUSDT,MTLUSDT,0.0,-13.97,-3.37,0.55,31
628,TOMOUSDT,LOOKSUSDT,0.02,-3.7,-3.37,2.2,31
27,1000XECUSDT,DASHUSDT,0.04,-3.44,-3.37,0.0,31
529,RUNEUSDT,ENSUSDT,0.03,-3.53,-3.37,0.09,31
798,XRPUSDT,GLMRUSDT,0.0,-13.67,-3.37,1.06,31
432,GALAUSDT,10000NFTUSDT,0.04,-3.42,-3.37,5.8,30
759,XRPUSDT,CELRUSDT,0.0,-14.04,-3.37,33.95,30
304,BAKEUSDT,DODOUSDT,0.0,-5.12,-3.37,1.55,30
135,ALICEUSDT,OMGUSDT,0.0,-4.45,-3.37,1.04,30
844,YGGUSDT,1000BTTUSDT,0.0,-4.17,-3.37,328.64,30
195,ASTRUSDT,BSVUSDT,0.0,-4.65,-3.37,0.0,30
151,ALPHAUSDT,TRBUSDT,0.03,-3.56,-3.37,0.01,30
803,XRPUSDT,HBARUSDT,0.0,-13.89,-3.37,7.89,30
116,ALICEUSDT,BELUSDT,0.01,-3.87,-3.37,2.95,30
528,RUNEUSDT,DGBUSDT,0.0,-4.85,-3.37,172.06,30
482,ONTUSDT,BCHUSDT,0.01,-3.9,-3.37,0.0,30
163,API3USDT,DARUSDT,0.02,-3.61,-3.37,10.67,30
57,AAVEUSDT,OGNUSDT,0.0,-4.44,-3.37,569.69,30
572,SUNUSDT,AAVEUSDT,0.0,-4.98,-3.37,0.0,30
119,ALICEUSDT,CELRUSDT,0.04,-3.44,-3.37,106.88,30
160,API3USDT,BLZUSDT,0.03,-3.47,-3.37,24.54,29
172,API3USDT,PAXGUSDT,0.01,-3.99,-3.37,0.0,29
418,CTSIUSDT,ACHUSDT,0.01,-3.93,-3.37,10.61,29
617,TOMOUSDT,HOTUSDT,0.01,-3.87,-3.37,191.9,29
21,1000LUNCUSDT,ROSEUSDT,0.03,-3.52,-3.37,3.75,29
683,WAVESUSDT,1000LUNCUSDT,0.0,-4.27,-3.37,13.25,29
29,1000XECUSDT,MTLUSDT,0.02,-3.63,-3.37,0.04,29
162,API3USDT,CTCUSDT,0.0,-4.28,-3.37,3.81,29
622,TOMOUSDT,KDAUSDT,0.03,-3.56,-3.37,0.33,29
258,ASTRUSDT,YGGUSDT,0.0,-4.39,-3.37,0.16,29
104,AKROUSDT,AUDIOUSDT,0.0,-4.29,-3.37,0.02,29
392,CELUSDT,ARPAUSDT,0.0,-4.44,-3.37,18.57,29
19,1000LUNCUSDT,LUNA2USDT,0.02,-3.59,-3.37,0.1,29
589,TOMOUSDT,AAVEUSDT,0.0,-4.15,-3.37,0.01,29
36,AAVEUSDT,BELUSDT,0.0,-4.24,-3.37,145.28,29
670,USDCUSDT,ADAUSDT,0.0,-12.76,-3.37,3.03,29
23,1000LUNCUSDT,VETUSDT,0.03,-3.55,-3.37,9.0,29
121,ALICEUSDT,CTCUSDT,0.01,-3.8,-3.37,3.18,29
592,TOMOUSDT,ARPAUSDT,0.0,-4.21,-3.37,11.22,29
305,BAKEUSDT,DOGEUSDT,0.03,-3.51,-3.37,2.12,29
205,ASTRUSDT,DOGEUSDT,0.0,-4.97,-3.37,0.43,29
503,RENUSDT,ADAUSDT,0.0,-5.13,-3.37,0.24,29
256,ASTRUSDT,USDCUSDT,0.01,-4.11,-3.37,0.04,29
316,BAKEUSDT,GLMRUSDT,0.01,-3.78,-3.37,0.5,29
603,TOMOUSDT,CROUSDT,0.0,-5.62,-3.37,4.31,29
690,WAVESUSDT,CROUSDT,0.01,-3.87,-3.37,33.16,29
674,USDCUSDT,ALICEUSDT,0.0,-12.85,-3.37,0.84,28
180,ARPAUSDT,1INCHUSDT,0.01,-4.09,-3.37,0.05,28
730,XRPUSDT,ANKRUSDT,0.0,-14.03,-3.37,17.8,28
198,ASTRUSDT,CELRUSDT,0.02,-3.71,-3.37,3.27,28
434,GRTUSDT,1000BTTUSDT,0.04,-3.4,-3.37,91.12,28
456,KAVAUSDT,ADAUSDT,0.02,-3.68,-3.37,2.73,28
47,AAVEUSDT,ENSUSDT,0.03,-3.58,-3.37,4.56,28
419,CVXUSDT,1000BTTUSDT,0.0,-4.22,-3.37,5914.66,28
243,ASTRUSDT,SANDUSDT,0.0,-4.9,-3.37,0.06,28
699,WAVESUSDT,JASMYUSDT,0.03,-3.59,-3.37,581.77,28
5,1000BTTUSDT,BITUSDT,0.0,-4.37,-3.37,0.0,28
574,SUNUSDT,ADAUSDT,0.0,-5.51,-3.37,0.02,28
812,XRPUSDT,IOTAUSDT,0.0,-13.92,-3.37,1.73,28
381,CELUSDT,ADAUSDT,0.0,-4.64,-3.37,1.49,28
576,SUNUSDT,AKROUSDT,0.0,-4.37,-3.37,1.86,28
391,CELUSDT,APTUSDT,0.0,-4.6,-3.37,0.11,28
755,XRPUSDT,BTCUSDT,0.0,-13.8,-3.37,0.0,28
153,ALPHAUSDT,XNOUSDT,0.02,-3.71,-3.37,0.15,28
152,ALPHAUSDT,XLMUSDT,0.01,-3.84,-3.37,0.98,28
63,ACHUSDT,KNCUSDT,0.0,-4.15,-3.37,0.02,28
124,ALICEUSDT,FILUSDT,0.0,-4.33,-3.37,0.27,28
616,TOMOUSDT,HBARUSDT,0.0,-4.58,-3.37,6.23,27
601,TOMOUSDT,CHRUSDT,0.04,-3.41,-3.37,2.68,27
377,CELUSDT,1000XECUSDT,0.02,-3.64,-3.37,17.0,27
110,AKROUSDT,STGUSDT,0.04,-3.45,-3.37,0.01,27
707,XEMUSDT,STORJUSDT,0.02,-3.61,-3.37,0.1,27
648,TRXUSDT,ICXUSDT,0.01,-4.09,-3.37,0.33,27
508,RENUSDT,ALPHAUSDT,0.0,-4.85,-3.37,0.89,27
597,TOMOUSDT,BATUSDT,0.03,-3.56,-3.37,1.32,27
125,ALICEUSDT,FITFIUSDT,0.04,-3.45,-3.37,31.4,27
645,TRXUSDT,CKBUSDT,0.0,-4.91,-3.37,19.87,27
220,ASTRUSDT,ILVUSDT,0.0,-5.02,-3.37,0.0,27
445,ICPUSDT,1000BTTUSDT,0.02,-3.67,-3.37,5769.13,27
602,TOMOUSDT,COMPUSDT,0.01,-3.98,-3.37,0.01,27
383,CELUSDT,AKROUSDT,0.02,-3.63,-3.37,182.01,27
465,KDAUSDT,API3USDT,0.04,-3.47,-3.37,0.62,27
575,SUNUSDT,AGLDUSDT,0.01,-3.84,-3.37,0.02,27
619,TOMOUSDT,IOTAUSDT,0.03,-3.52,-3.37,1.37,27
483,ONTUSDT,CELRUSDT,0.04,-3.43,-3.37,15.35,27
62,ACHUSDT,HBARUSDT,0.03,-3.51,-3.37,0.2,27
322,BAKEUSDT,ILVUSDT,0.04,-3.41,-3.37,0.0,27
538,RUNEUSDT,MINAUSDT,0.01,-3.91,-3.37,2.14,27
289,BAKEUSDT,CHRUSDT,0.02,-3.74,-3.37,1.61,26
259,ASTRUSDT,ZECUSDT,0.0,-5.44,-3.37,0.0,26
373,CELRUSDT,1INCHUSDT,0.01,-3.97,-3.37,0.02,26
534,RUNEUSDT,KSMUSDT,0.02,-3.69,-3.37,0.05,26
227,ASTRUSDT,LINAUSDT,0.0,-5.8,-3.37,6.0,26
824,XRPUSDT,LITUSDT,0.0,-13.88,-3.37,0.54,26
481,ONTUSDT,ANKRUSDT,0.01,-3.96,-3.37,8.05,26
46,AAVEUSDT,DUSKUSDT,0.03,-3.59,-3.37,653.66,26
826,XRPUSDT,LPTUSDT,0.0,-14.01,-3.37,0.05,26
564,SLPUSDT,ALICEUSDT,0.02,-3.71,-3.37,0.0,26
771,XRPUSDT,CTSIUSDT,0.0,-13.74,-3.37,3.65,26
16,1000LUNCUSDT,FITFIUSDT,0.02,-3.64,-3.37,4.58,26
342,BAKEUSDT,MINAUSDT,0.0,-4.6,-3.37,0.32,26
117,ALICEUSDT,BLZUSDT,0.04,-3.42,-3.37,20.45,26
685,WAVESUSDT,ACHUSDT,0.03,-3.53,-3.37,235.62,26
212,ASTRUSDT,FXSUSDT,0.0,-5.31,-3.37,0.01,26
767,XRPUSDT,CROUSDT,0.0,-13.9,-3.37,5.46,26
320,BAKEUSDT,HOTUSDT,0.0,-4.77,-3.37,115.47,26
203,ASTRUSDT,CTKUSDT,0.0,-5.65,-3.37,0.05,26
600,TOMOUSDT,CELRUSDT,0.01,-4.01,-3.37,26.8,26
469,LINAUSDT,1000BTTUSDT,0.0,-4.47,-3.37,9.02,26
738,XRPUSDT,AUDIOUSDT,0.0,-13.72,-3.37,2.55,26
178,API3USDT,TLMUSDT,0.0,-4.15,-3.37,93.38,26
518,RUNEUSDT,AAVEUSDT,0.01,-4.07,-3.37,0.02,26
387,CELUSDT,ANKRUSDT,0.0,-4.68,-3.37,23.25,25
350,BELUSDT,1000BTTUSDT,0.03,-3.58,-3.37,600.38,25
588,TOMOUSDT,1INCHUSDT,0.01,-3.88,-3.37,0.57,25
148,ALPHAUSDT,RVNUSDT,0.04,-3.45,-3.37,4.06,25
41,AAVEUSDT,CROUSDT,0.0,-4.28,-3.37,845.37,25
606,TOMOUSDT,CTSIUSDT,0.03,-3.48,-3.37,2.88,25
159,API3USDT,BELUSDT,0.01,-4.06,-3.37,3.54,25
696,WAVESUSDT,FLOWUSDT,0.03,-3.48,-3.37,1.9,25
99,AKROUSDT,1000XECUSDT,0.04,-3.45,-3.37,0.09,25
58,AAVEUSDT,OMGUSDT,0.04,-3.43,-3.37,51.37,25
630,TOMOUSDT,LUNA2USDT,0.05,-3.38,-3.37,0.18,25
444,HOTUSDT,1000LUNCUSDT,0.04,-3.46,-3.37,0.01,25
471,LITUSDT,CTCUSDT,0.0,-4.15,-3.37,1.88,25
51,AAVEUSDT,GLMRUSDT,0.03,-3.56,-3.37,163.64,25
236,ASTRUSDT,ONEUSDT,0.0,-4.67,-3.37,2.6,25
17,1000LUNCUSDT,FLOWUSDT,0.03,-3.58,-3.37,0.14,25
598,TOMOUSDT,BTCUSDT,0.01,-3.99,-3.37,0.0,25
562,SLPUSDT,ADAUSDT,0.03,-3.56,-3.37,0.01,25
15,1000LUNCUSDT,CTCUSDT,0.0,-4.68,-3.37,0.46,25
295,BAKEUSDT,CROUSDT,0.0,-5.17,-3.37,2.59,24
405,COTIUSDT,ANKRUSDT,0.01,-3.85,-3.37,3.42,24
298,BAKEUSDT,CTKUSDT,0.0,-4.59,-3.37,0.24,24
424,EGLDUSDT,1000BTTUSDT,0.03,-3.48,-3.37,64251.99,24
300,BAKEUSDT,CVXUSDT,0.02,-3.71,-3.37,0.05,24
333,BAKEUSDT,LINAUSDT,0.0,-4.23,-3.37,29.62,24
270,BAKEUSDT,ALICEUSDT,0.01,-3.92,-3.37,0.15,24
609,TOMOUSDT,ENSUSDT,0.0,-4.3,-3.37,0.02,24
303,BAKEUSDT,DGBUSDT,0.01,-4.04,-3.37,26.02,24
623,TOMOUSDT,KNCUSDT,0.01,-3.88,-3.37,0.5,24
301,BAKEUSDT,DARUSDT,0.01,-3.94,-3.37,1.34,24
370,CELOUSDT,STMXUSDT,0.03,-3.58,-3.37,88.61,24
306,BAKEUSDT,EOSUSDT,0.0,-6.05,-3.37,0.2,24
671,USDCUSDT,AGLDUSDT,0.0,-12.75,-3.37,4.13,24
376,CELUSDT,1000LUNCUSDT,0.04,-3.45,-3.37,2.85,24
35,AAVEUSDT,ARPAUSDT,0.01,-3.82,-3.37,2201.74,24
38,AAVEUSDT,BTCUSDT,0.01,-4.03,-3.37,0.0,24
662,UNIUSDT,ADAUSDT,0.04,-3.45,-3.37,17.72,24
568,SUNUSDT,1000BTTUSDT,0.03,-3.48,-3.37,7.52,24
53,AAVEUSDT,KNCUSDT,0.02,-3.6,-3.37,97.36,24
143,ALPHAUSDT,LINAUSDT,0.0,-4.49,-3.37,14.46,24
190,ASTRUSDT,BELUSDT,0.01,-4.05,-3.37,0.09,24
64,ACHUSDT,MINAUSDT,0.01,-4.03,-3.37,0.02,24
698,WAVESUSDT,IOTXUSDT,0.0,-4.55,-3.37,94.15,24
186,ASTRUSDT,AVAXUSDT,0.0,-4.36,-3.37,0.0,24
868,ZILUSDT,QTUMUSDT,0.0,-4.43,-3.37,0.01,24
786,XRPUSDT,EOSUSDT,0.0,-13.71,-3.37,0.42,24
753,XRPUSDT,BSVUSDT,0.0,-13.71,-3.37,0.01,24
196,ASTRUSDT,BSWUSDT,0.0,-4.92,-3.37,0.18,24
91,AGLDUSDT,GTCUSDT,0.04,-3.4,-3.37,0.14,24
489,QTUMUSDT,ANKRUSDT,0.0,-4.84,-3.37,96.73,24
500,RENUSDT,1INCHUSDT,0.01,-4.01,-3.37,0.15,24
67,ACHUSDT,STXUSDT,0.01,-3.89,-3.37,0.04,24
477,MINAUSDT,1INCHUSDT,0.02,-3.68,-3.37,1.06,24
813,XRPUSDT,IOTXUSDT,0.0,-14.09,-3.37,15.5,24
237,ASTRUSDT,OPUSDT,0.0,-4.94,-3.37,0.04,24
853,YGGUSDT,ALICEUSDT,0.03,-3.49,-3.37,0.19,24
524,RUNEUSDT,CELRUSDT,0.04,-3.45,-3.37,106.61,24
262,AUDIOUSDT,ACHUSDT,0.04,-3.45,-3.37,15.19,24
724,XRPUSDT,ADAUSDT,0.0,-13.64,-3.37,1.14,24
467,KSMUSDT,ACHUSDT,0.03,-3.47,-3.37,2493.21,24
334,BAKEUSDT,LINKUSDT,0.01,-3.79,-3.37,0.03,23
731,XRPUSDT,ANTUSDT,0.0,-14.32,-3.37,0.2,23
596,TOMOUSDT,BALUSDT,0.01,-3.88,-3.37,0.06,23
355,BSVUSDT,ANKRUSDT,0.03,-3.52,-3.37,1832.61,23
466,KDAUSDT,ARPAUSDT,0.02,-3.63,-3.37,33.47,23
633,TOMOUSDT,NEOUSDT,0.02,-3.74,-3.37,0.04,23
144,ALPHAUSDT,LINKUSDT,0.01,-4.03,-3.37,0.01,23
52,AAVEUSDT,HOTUSDT,0.02,-3.6,-3.37,37674.56,23
209,ASTRUSDT,ENJUSDT,0.0,-4.74,-3.37,0.12,23
155,ANKRUSDT,1000BTTUSDT,0.03,-3.48,-3.37,31.62,23
10,1000BTTUSDT,MATICUSDT,0.02,-3.67,-3.37,0.0,23
455,JASMYUSDT,APTUSDT,0.0,-4.12,-3.37,0.0,23
12,1000LUNCUSDT,ADAUSDT,0.01,-3.8,-3.37,0.52,23
168,API3USDT,FTMUSDT,0.02,-3.61,-3.37,7.88,23
335,BAKEUSDT,LOOKSUSDT,0.04,-3.43,-3.37,1.33,23
509,RENUSDT,ANKRUSDT,0.0,-4.25,-3.37,3.66,23
13,1000LUNCUSDT,AVAXUSDT,0.03,-3.56,-3.37,0.01,23
210,ASTRUSDT,ETHUSDT,0.0,-4.52,-3.37,0.0,23
291,BAKEUSDT,CKBUSDT,0.03,-3.51,-3.37,70.37,23
536,RUNEUSDT,LOOKSUSDT,0.04,-3.41,-3.37,8.76,23
433,GMXUSDT,1000XECUSDT,0.0,-4.32,-3.37,1428.18,23
257,ASTRUSDT,XTZUSDT,0.0,-5.41,-3.37,0.04,23
829,XRPUSDT,LUNA2USDT,0.0,-13.75,-3.37,0.23,23
665,USDCUSDT,1000LUNCUSDT,0.0,-12.73,-3.37,5.78,23
382,CELUSDT,AGLDUSDT,0.04,-3.42,-3.37,2.04,23
569,SUNUSDT,1000LUNCUSDT,0.0,-5.23,-3.37,0.03,23
479,MTLUSDT,1000BTTUSDT,0.04,-3.4,-3.37,1015.86,23
546,RUNEUSDT,THETAUSDT,0.03,-3.54,-3.37,1.33,23
620,TOMOUSDT,IOTXUSDT,0.0,-4.4,-3.37,12.23,23
120,ALICEUSDT,CROUSDT,0.0,-4.64,-3.37,17.18,23
222,ASTRUSDT,INJUSDT,0.0,-5.18,-3.37,0.02,23
447,ICXUSDT,1000XECUSDT,0.04,-3.47,-3.37,5.31,23
113,ALICEUSDT,AUDIOUSDT,0.02,-3.59,-3.37,8.03,22
346,BAKEUSDT,OGNUSDT,0.01,-4.04,-3.37,1.75,22
595,TOMOUSDT,BAKEUSDT,0.02,-3.61,-3.37,1.66,22
415,COTIUSDT,AXSUSDT,0.01,-3.86,-3.37,0.01,22
819,XRPUSDT,KNCUSDT,0.0,-13.74,-3.37,0.63,22
345,BAKEUSDT,NEOUSDT,0.01,-4.05,-3.37,0.03,22
499,RENUSDT,1000XECUSDT,0.01,-3.97,-3.37,2.68,22
811,XRPUSDT,IOSTUSDT,0.0,-13.72,-3.37,45.33,22
579,SUNUSDT,ALPHAUSDT,0.0,-5.41,-3.37,0.06,22
374,CELUSDT,10000NFTUSDT,0.03,-3.57,-3.37,101.6,22
118,ALICEUSDT,BTCUSDT,0.0,-4.43,-3.37,0.0,22
384,CELUSDT,ALGOUSDT,0.0,-4.48,-3.37,1.8,22
512,RENUSDT,API3USDT,0.02,-3.72,-3.37,0.05,22
24,1000LUNCUSDT,WOOUSDT,0.02,-3.67,-3.37,1.39,22
371,CELOUSDT,XMRUSDT,0.01,-3.8,-3.37,0.0,22
841,YFIUSDT,MTLUSDT,0.01,-3.96,-3.37,9030.36,22
504,RENUSDT,AGLDUSDT,0.01,-3.95,-3.37,0.32,22
265,BAKEUSDT,1INCHUSDT,0.01,-3.89,-3.37,0.34,22
221,ASTRUSDT,IMXUSDT,0.0,-5.68,-3.37,0.09,22
521,RUNEUSDT,BATUSDT,0.01,-3.81,-3.37,5.25,22
299,BAKEUSDT,CTSIUSDT,0.02,-3.73,-3.37,1.74,22
722,XRPUSDT,AAVEUSDT,0.0,-13.7,-3.37,0.01,22
302,BAKEUSDT,DENTUSDT,0.01,-3.95,-3.37,264.08,22
723,XRPUSDT,ACHUSDT,0.0,-13.85,-3.37,38.77,22
239,ASTRUSDT,RENUSDT,0.01,-3.88,-3.37,0.47,22
242,ASTRUSDT,RVNUSDT,0.0,-4.67,-3.37,1.69,22
668,USDCUSDT,AAVEUSDT,0.0,-12.83,-3.37,0.02,22
716,XNOUSDT,ALICEUSDT,0.01,-3.88,-3.37,0.5,22
522,RUNEUSDT,BELUSDT,0.0,-4.33,-3.37,2.94,22
718,XRPUSDT,1000BTTUSDT,0.0,-13.61,-3.37,562.71,22
745,XRPUSDT,BCHUSDT,0.0,-13.94,-3.37,0.0,22
253,ASTRUSDT,THETAUSDT,0.0,-4.24,-3.37,0.04,22
675,USDCUSDT,ALPHAUSDT,0.0,-12.73,-3.37,11.43,22
430,FILUSDT,1INCHUSDT,0.02,-3.65,-3.37,8.32,22
331,BAKEUSDT,KSMUSDT,0.0,-4.33,-3.37,0.01,22
324,BAKEUSDT,IOTAUSDT,0.01,-3.83,-3.37,0.82,22
808,XRPUSDT,ILVUSDT,0.0,-13.61,-3.37,0.01,21
530,RUNEUSDT,GLMRUSDT,0.02,-3.74,-3.37,3.32,21
232,ASTRUSDT,MKRUSDT,0.0,-5.98,-3.37,0.0,21
40,AAVEUSDT,COMPUSDT,0.01,-3.81,-3.37,1.49,21
651,TRXUSDT,RSS3USDT,0.0,-4.55,-3.37,0.41,21
111,AKROUSDT,STMXUSDT,0.01,-3.97,-3.37,0.54,21
692,WAVESUSDT,CTSIUSDT,0.04,-3.43,-3.37,22.2,21
380,CELUSDT,ACHUSDT,0.0,-4.41,-3.37,50.64,21
281,BAKEUSDT,BICOUSDT,0.04,-3.47,-3.37,0.61,21
385,CELUSDT,ALICEUSDT,0.0,-4.57,-3.37,0.41,21
279,BAKEUSDT,BCHUSDT,0.02,-3.68,-3.37,0.0,21
394,COMPUSDT,1000LUNCUSDT,0.02,-3.65,-3.37,226.38,21
389,CELUSDT,APEUSDT,0.0,-4.34,-3.37,0.16,21
531,RUNEUSDT,HOTUSDT,0.0,-4.25,-3.37,763.55,21
390,CELUSDT,API3USDT,0.04,-3.45,-3.37,0.35,21
90,AGLDUSDT,GMXUSDT,0.04,-3.45,-3.37,0.01,21
748,XRPUSDT,BITUSDT,0.0,-13.61,-3.37,1.25,21
34,AAVEUSDT,ANKRUSDT,0.01,-3.87,-3.37,2756.78,21
313,BAKEUSDT,FTMUSDT,0.0,-5.45,-3.37,0.99,21
32,1INCHUSDT,HOTUSDT,0.01,-3.94,-3.37,334.94,21
54,AAVEUSDT,LRCUSDT,0.03,-3.48,-3.37,236.37,21
612,TOMOUSDT,FITFIUSDT,0.0,-4.18,-3.37,7.87,21
621,TOMOUSDT,JASMYUSDT,0.04,-3.38,-3.37,75.55,21
624,TOMOUSDT,KSMUSDT,0.03,-3.49,-3.37,0.01,21
416,CROUSDT,1000LUNCUSDT,0.04,-3.38,-3.37,0.4,21
417,CTSIUSDT,1000LUNCUSDT,0.04,-3.47,-3.37,0.6,21
517,RUNEUSDT,1000LUNCUSDT,0.02,-3.76,-3.37,6.85,21
18,1000LUNCUSDT,LOOKSUSDT,0.01,-3.79,-3.37,1.28,21
437,HNTUSDT,1000BTTUSDT,0.0,-4.57,-3.37,3669.07,21
358,BSWUSDT,API3USDT,0.01,-3.9,-3.37,0.14,21
848,YGGUSDT,AAVEUSDT,0.03,-3.47,-3.37,0.0,21
593,TOMOUSDT,AUDIOUSDT,0.01,-3.85,-3.37,2.01,21
861,ZILUSDT,AKROUSDT,0.02,-3.7,-3.37,7.92,21
641,TRXUSDT,BNXUSDT,0.0,-4.68,-3.37,0.0,21
847,YGGUSDT,1INCHUSDT,0.03,-3.54,-3.37,0.42,21
639,TRXUSDT,APEUSDT,0.01,-3.99,-3.37,0.02,21
438,HNTUSDT,1000LUNCUSDT,0.01,-3.89,-3.37,14.2,20
454,JASMYUSDT,AKROUSDT,0.04,-3.38,-3.37,1.45,20
548,RUNEUSDT,XNOUSDT,0.01,-4.06,-3.37,2.0,20
468,LDOUSDT,ACHUSDT,0.03,-3.49,-3.37,119.94,20
545,RUNEUSDT,SUNUSDT,0.02,-3.63,-3.37,235.09,20
566,STXUSDT,1INCHUSDT,0.04,-3.45,-3.37,0.44,20
563,SLPUSDT,ALGOUSDT,0.04,-3.39,-3.37,0.01,20
556,SFPUSDT,FITFIUSDT,0.04,-3.42,-3.37,16.27,20
492,QTUMUSDT,BCHUSDT,0.03,-3.59,-3.37,0.02,20
539,RUNEUSDT,OMGUSDT,0.01,-3.95,-3.37,1.04,20
561,SLPUSDT,1INCHUSDT,0.03,-3.57,-3.37,0.0,20
78,AGLDUSDT,BITUSDT,0.04,-3.45,-3.37,0.8,20
725,XRPUSDT,AGLDUSDT,0.0,-13.61,-3.37,1.56,20
750,XRPUSDT,BNBUSDT,0.0,-13.61,-3.37,0.0,20
248,ASTRUSDT,SOLUSDT,0.0,-4.45,-3.37,0.0,20
702,XEMUSDT,CVCUSDT,0.0,-4.53,-3.37,0.35,20
720,XRPUSDT,1000XECUSDT,0.0,-13.77,-3.37,13.0,20
216,ASTRUSDT,GRTUSDT,0.0,-5.15,-3.37,0.59,20
48,AAVEUSDT,EOSUSDT,0.0,-4.18,-3.37,64.99,20
721,XRPUSDT,1INCHUSDT,0.0,-14.07,-3.37,0.73,20
211,ASTRUSDT,FLOWUSDT,0.0,-4.62,-3.37,0.03,20
573,SUNUSDT,ACHUSDT,0.0,-4.8,-3.37,0.52,20
192,ASTRUSDT,BLZUSDT,0.01,-3.99,-3.37,0.63,20
175,API3USDT,SNXUSDT,0.0,-4.15,-3.37,0.83,20
761,XRPUSDT,CHRUSDT,0.0,-13.74,-3.37,3.4,20
272,BAKEUSDT,API3USDT,0.0,-6.63,-3.37,0.13,20
141,ALPHAUSDT,FTMUSDT,0.04,-3.39,-3.37,0.48,20
66,ACHUSDT,SNXUSDT,0.02,-3.64,-3.37,0.01,20
837,XRPUSDT,NEOUSDT,0.0,-13.81,-3.37,0.06,20
107,AKROUSDT,GMTUSDT,0.01,-3.77,-3.37,0.01,20
806,XRPUSDT,ICPUSDT,0.0,-13.61,-3.37,0.1,20
807,XRPUSDT,ICXUSDT,0.0,-14.0,-3.37,2.45,20
809,XRPUSDT,IMXUSDT,0.0,-13.62,-3.37,0.91,20
814,XRPUSDT,JASMYUSDT,0.0,-13.99,-3.37,95.78,20
815,XRPUSDT,JSTUSDT,0.0,-13.84,-3.37,18.07,20
822,XRPUSDT,LINAUSDT,0.0,-13.61,-3.37,62.32,20
254,ASTRUSDT,TRBUSDT,0.0,-4.58,-3.37,0.0,20
661,UNFIUSDT,1INCHUSDT,0.0,-4.57,-3.37,8.18,20
323,BAKEUSDT,IMXUSDT,0.03,-3.49,-3.37,0.43,20
584,SUNUSDT,ARPAUSDT,0.0,-4.87,-3.37,0.19,20
325,BAKEUSDT,IOTXUSDT,0.0,-4.69,-3.37,7.35,20
278,BAKEUSDT,AXSUSDT,0.01,-4.04,-3.37,0.03,20
864,ZILUSDT,ARUSDT,0.02,-3.73,-3.37,0.0,20
637,TRXUSDT,1INCHUSDT,0.03,-3.5,-3.37,0.1,20
311,BAKEUSDT,FLMUSDT,0.0,-4.12,-3.37,2.27,20
659,TRXUSDT,ZILUSDT,0.04,-3.46,-3.37,2.36,20
354,BSVUSDT,ALPHAUSDT,0.03,-3.5,-3.37,444.37,20
131,ALICEUSDT,LRCUSDT,0.04,-3.45,-3.37,4.8,19
463,KDAUSDT,ALICEUSDT,0.01,-3.84,-3.37,0.75,19
59,ACHUSDT,ARPAUSDT,0.01,-3.86,-3.37,0.37,19
60,ACHUSDT,CTCUSDT,0.04,-3.41,-3.37,0.03,19
627,TOMOUSDT,LITUSDT,0.02,-3.67,-3.37,0.42,19
615,TOMOUSDT,GLMRUSDT,0.0,-4.19,-3.37,0.83,19
605,TOMOUSDT,CTKUSDT,0.01,-3.92,-3.37,0.39,19
672,USDCUSDT,AKROUSDT,0.0,-12.92,-3.37,369.08,19
519,RUNEUSDT,ACHUSDT,0.02,-3.75,-3.37,121.75,19
505,RENUSDT,AKROUSDT,0.01,-4.03,-3.37,28.67,19
20,1000LUNCUSDT,OGNUSDT,0.04,-3.47,-3.37,1.69,19
799,XRPUSDT,GMTUSDT,0.0,-13.99,-3.37,0.96,19
96,AGLDUSDT,MATICUSDT,0.04,-3.4,-3.37,0.27,19
804,XRPUSDT,HNTUSDT,0.0,-13.62,-3.37,0.15,19
372,CELRUSDT,1000XECUSDT,0.0,-4.18,-3.37,0.38,19
872,ZRXUSDT,BCHUSDT,0.02,-3.64,-3.37,0.0,19
375,CELUSDT,1000BTTUSDT,0.01,-3.99,-3.37,736.06,19
22,1000LUNCUSDT,SHIB1000USDT,0.01,-3.79,-3.37,18.99,19
386,CELUSDT,ALPHAUSDT,0.02,-3.64,-3.37,5.64,19
778,XRPUSDT,DODOUSDT,0.0,-13.61,-3.37,3.26,19
860,ZILUSDT,1000XECUSDT,0.0,-4.22,-3.37,0.74,19
297,BAKEUSDT,CTCUSDT,0.02,-3.63,-3.37,0.48,19
285,BAKEUSDT,BOBAUSDT,0.02,-3.7,-3.37,0.86,19
223,ASTRUSDT,IOSTUSDT,0.0,-4.16,-3.37,4.36,19
697,WAVESUSDT,HOTUSDT,0.02,-3.74,-3.37,1477.82,19
14,1000LUNCUSDT,BTCUSDT,0.03,-3.52,-3.37,0.0,19
308,BAKEUSDT,ETHUSDT,0.04,-3.44,-3.37,0.0,19
660,TRXUSDT,ZRXUSDT,0.01,-3.77,-3.37,0.28,19
288,BAKEUSDT,CELRUSDT,0.03,-3.5,-3.37,16.12,19
684,WAVESUSDT,1INCHUSDT,0.04,-3.39,-3.37,4.41,19
734,XRPUSDT,APTUSDT,0.0,-13.93,-3.37,0.09,19
453,IOSTUSDT,ANKRUSDT,0.02,-3.72,-3.37,0.39,19
679,USDCUSDT,API3USDT,0.0,-12.8,-3.37,0.7,19
686,WAVESUSDT,ANTUSDT,0.02,-3.75,-3.37,1.19,18
833,XRPUSDT,MINAUSDT,0.0,-13.76,-3.37,0.68,18
870,ZILUSDT,STMXUSDT,0.01,-4.07,-3.37,4.31,18
676,USDCUSDT,ANKRUSDT,0.0,-12.74,-3.37,47.14,18
700,XEMUSDT,BCHUSDT,0.03,-3.54,-3.37,0.0,18
701,XEMUSDT,BNXUSDT,0.03,-3.49,-3.37,0.0,18
578,SUNUSDT,ALICEUSDT,0.0,-4.87,-3.37,0.0,18
501,RENUSDT,AAVEUSDT,0.0,-4.28,-3.37,0.0,18
746,XRPUSDT,BELUSDT,0.0,-13.74,-3.37,0.94,18
783,XRPUSDT,EGLDUSDT,0.0,-13.61,-3.37,0.01,18
744,XRPUSDT,BATUSDT,0.0,-13.7,-3.37,1.67,18
547,RUNEUSDT,XLMUSDT,0.02,-3.75,-3.37,13.24,18
772,XRPUSDT,CVCUSDT,0.0,-13.93,-3.37,4.1,18
770,XRPUSDT,CTKUSDT,0.0,-13.65,-3.37,0.5,18
765,XRPUSDT,COTIUSDT,0.0,-13.84,-3.37,5.2,18
728,XRPUSDT,ALICEUSDT,0.0,-13.84,-3.37,0.32,18
764,XRPUSDT,COMPUSDT,0.0,-13.69,-3.37,0.01,18
763,XRPUSDT,CKBUSDT,0.0,-13.9,-3.37,148.21,18
762,XRPUSDT,CHZUSDT,0.0,-14.21,-3.37,1.7,18
737,XRPUSDT,ASTRUSDT,0.0,-13.6,-3.37,10.38,18
741,XRPUSDT,BAKEUSDT,0.0,-13.63,-3.37,2.1,18
742,XRPUSDT,BALUSDT,0.0,-13.89,-3.37,0.07,18
570,SUNUSDT,1000XECUSDT,0.01,-3.92,-3.37,0.17,18
873,ZRXUSDT,ICXUSDT,0.03,-3.49,-3.37,1.17,18
55,AAVEUSDT,MINAUSDT,0.04,-3.46,-3.37,105.64,18
474,LITUSDT,SNXUSDT,0.04,-3.39,-3.37,0.41,18
260,ASTRUSDT,ZENUSDT,0.0,-4.45,-3.37,0.0,18
452,IOSTUSDT,1000XECUSDT,0.04,-3.42,-3.37,0.29,18
123,ALICEUSDT,ENSUSDT,0.01,-3.91,-3.37,0.09,18
266,BAKEUSDT,AAVEUSDT,0.0,-4.46,-3.37,0.0,18
127,ALICEUSDT,FTMUSDT,0.01,-3.85,-3.37,6.57,18
128,ALICEUSDT,HBARUSDT,0.04,-3.46,-3.37,24.85,18
435,GTCUSDT,10000NFTUSDT,0.05,-3.38,-3.37,349.56,18
219,ASTRUSDT,ICPUSDT,0.0,-4.91,-3.37,0.01,18
102,AKROUSDT,APTUSDT,0.04,-3.44,-3.37,0.0,18
315,BAKEUSDT,GALUSDT,0.01,-3.78,-3.37,0.13,18
398,COTIUSDT,AAVEUSDT,0.02,-3.6,-3.37,0.0,18
330,BAKEUSDT,KNCUSDT,0.01,-4.05,-3.37,0.3,18
312,BAKEUSDT,FLOWUSDT,0.04,-3.46,-3.37,0.15,18
43,AAVEUSDT,DENTUSDT,0.0,-4.27,-3.37,86167.6,18
157,API3USDT,ACHUSDT,0.03,-3.51,-3.37,146.46,18
353,BSVUSDT,ALICEUSDT,0.03,-3.48,-3.37,32.71,18
421,DGBUSDT,1000XECUSDT,0.04,-3.38,-3.37,0.24,18
490,QTUMUSDT,ARPAUSDT,0.02,-3.64,-3.37,77.25,18
277,BAKEUSDT,AVAXUSDT,0.0,-4.6,-3.37,0.01,18
328,BAKEUSDT,KDAUSDT,0.04,-3.39,-3.37,0.2,17
802,XRPUSDT,GTCUSDT,0.0,-13.7,-3.37,0.22,17
719,XRPUSDT,1000LUNCUSDT,0.0,-13.71,-3.37,2.18,17
240,ASTRUSDT,RNDRUSDT,0.0,-5.27,-3.37,0.08,17
426,ENSUSDT,1000LUNCUSDT,0.03,-3.53,-3.37,73.99,17
249,ASTRUSDT,STGUSDT,0.0,-4.22,-3.37,0.09,17
264,BAKEUSDT,1000LUNCUSDT,0.03,-3.58,-3.37,1.04,17
140,ALPHAUSDT,EOSUSDT,0.05,-3.37,-3.37,0.1,17
145,ALPHAUSDT,LRCUSDT,0.02,-3.62,-3.37,0.35,17
586,THETAUSDT,1000LUNCUSDT,0.04,-3.43,-3.37,5.14,17
156,ANKRUSDT,1000LUNCUSDT,0.03,-3.55,-3.37,0.12,17
388,CELUSDT,ANTUSDT,0.0,-4.52,-3.37,0.25,17
379,CELUSDT,AAVEUSDT,0.03,-3.49,-3.37,0.01,17
337,BAKEUSDT,LRCUSDT,0.0,-4.71,-3.37,0.72,17
747,XRPUSDT,BICOUSDT,0.0,-13.66,-3.37,1.27,17
349,BCHUSDT,ACHUSDT,0.02,-3.76,-3.37,10654.89,17
343,BAKEUSDT,MKRUSDT,0.01,-3.98,-3.37,0.0,17
348,BCHUSDT,1INCHUSDT,0.04,-3.39,-3.37,199.54,17
646,TRXUSDT,CVCUSDT,0.01,-3.87,-3.37,0.55,17
79,AGLDUSDT,BNXUSDT,0.03,-3.54,-3.37,0.0,17
610,TOMOUSDT,EOSUSDT,0.03,-3.51,-3.37,0.33,17
871,ZRXUSDT,1000XECUSDT,0.03,-3.51,-3.37,6.21,17
441,HNTUSDT,AAVEUSDT,0.02,-3.72,-3.37,0.04,17
846,YGGUSDT,1000XECUSDT,0.01,-3.8,-3.37,7.59,17
656,TRXUSDT,STORJUSDT,0.03,-3.47,-3.37,0.16,17
25,1000XECUSDT,ANKRUSDT,0.0,-4.57,-3.37,1.37,17
50,AAVEUSDT,FTMUSDT,0.04,-3.46,-3.37,323.27,17
688,WAVESUSDT,ARPAUSDT,0.05,-3.37,-3.37,86.36,17
2,10000NFTUSDT,FXSUSDT,0.02,-3.63,-3.37,0.0,17
502,RENUSDT,ACHUSDT,0.01,-4.05,-3.37,7.98,17
187,ASTRUSDT,AXSUSDT,0.02,-3.67,-3.37,0.01,16
582,SUNUSDT,API3USDT,0.04,-3.38,-3.37,0.0,16
255,ASTRUSDT,UNIUSDT,0.0,-4.84,-3.37,0.01,16
773,XRPUSDT,CVXUSDT,0.0,-13.63,-3.37,0.09,16
214,ASTRUSDT,GALUSDT,0.0,-4.39,-3.37,0.03,16
494,QTUMUSDT,LPTUSDT,0.03,-3.59,-3.37,0.29,16
282,BAKEUSDT,BITUSDT,0.03,-3.55,-3.37,0.59,16
267,BAKEUSDT,ACHUSDT,0.02,-3.61,-3.37,18.41,16
514,RENUSDT,ARPAUSDT,0.01,-3.92,-3.37,2.93,16
487,QTUMUSDT,ACHUSDT,0.04,-3.43,-3.37,210.72,16
681,USDCUSDT,ARPAUSDT,0.0,-12.92,-3.37,37.66,16
65,ACHUSDT,PEOPLEUSDT,0.01,-3.99,-3.37,0.43,16
729,XRPUSDT,ALPHAUSDT,0.0,-13.63,-3.37,4.31,16
507,RENUSDT,ALICEUSDT,0.0,-4.29,-3.37,0.07,16
364,C98USDT,1000XECUSDT,0.02,-3.7,-3.37,9.58,16
271,BAKEUSDT,ALPHAUSDT,0.02,-3.73,-3.37,2.05,16
174,API3USDT,QNTUSDT,0.02,-3.59,-3.37,0.01,16
61,ACHUSDT,DGBUSDT,0.04,-3.42,-3.37,1.41,16
114,ALICEUSDT,BATUSDT,0.02,-3.6,-3.37,5.27,16
552,SFPUSDT,ANTUSDT,0.03,-3.58,-3.37,0.32,16
635,TRBUSDT,1000BTTUSDT,0.04,-3.45,-3.37,17147.11,16
551,SCUSDT,DASHUSDT,0.0,-4.34,-3.37,0.0,16
292,BAKEUSDT,COMPUSDT,0.0,-4.45,-3.37,0.0,16
413,COTIUSDT,AUDIOUSDT,0.04,-3.4,-3.37,0.49,16
86,AGLDUSDT,DENTUSDT,0.03,-3.49,-3.37,356.6,16
234,ASTRUSDT,OCEANUSDT,0.0,-5.22,-3.37,0.28,16
427,ENSUSDT,1INCHUSDT,0.01,-3.86,-3.37,24.63,16
827,XRPUSDT,LRCUSDT,0.0,-13.68,-3.37,1.53,16
740,XRPUSDT,AXSUSDT,0.0,-13.62,-3.37,0.05,16
428,ETCUSDT,AVAXUSDT,0.02,-3.7,-3.37,1.52,15
736,XRPUSDT,ARUSDT,0.0,-14.02,-3.37,0.04,15
543,RUNEUSDT,SHIB1000USDT,0.01,-4.0,-3.37,130.1,15
101,AKROUSDT,APEUSDT,0.02,-3.59,-3.37,0.0,15
533,RUNEUSDT,KNCUSDT,0.04,-3.39,-3.37,1.97,15
352,BSVUSDT,ADAUSDT,0.01,-3.95,-3.37,117.61,15
751,XRPUSDT,BNXUSDT,0.0,-13.89,-3.37,0.0,15
351,BSVUSDT,1000BTTUSDT,0.02,-3.69,-3.37,58003.38,15
532,RUNEUSDT,IOTAUSDT,0.03,-3.48,-3.37,5.43,15
594,TOMOUSDT,AVAXUSDT,0.02,-3.75,-3.37,0.02,15
238,ASTRUSDT,REEFUSDT,0.0,-5.77,-3.37,11.49,15
307,BAKEUSDT,ETCUSDT,0.02,-3.76,-3.37,0.01,15
843,YGGUSDT,10000NFTUSDT,0.0,-4.25,-3.37,45.35,15
93,AGLDUSDT,HNTUSDT,0.03,-3.49,-3.37,0.1,15
525,RUNEUSDT,CHRUSDT,0.02,-3.68,-3.37,10.67,15
56,AAVEUSDT,NEOUSDT,0.0,-4.12,-3.37,8.81,15
142,ALPHAUSDT,GALUSDT,0.01,-4.02,-3.37,0.06,15
464,KDAUSDT,ALPHAUSDT,0.01,-4.01,-3.37,10.16,15
85,AGLDUSDT,DASHUSDT,0.0,-4.19,-3.37,0.01,15
784,XRPUSDT,ENJUSDT,0.0,-13.65,-3.37,1.22,15
460,KDAUSDT,AAVEUSDT,0.04,-3.43,-3.37,0.02,15
226,ASTRUSDT,KLAYUSDT,0.0,-4.22,-3.37,0.21,15
327,BAKEUSDT,KAVAUSDT,0.02,-3.62,-3.37,0.2,15
439,HNTUSDT,1000XECUSDT,0.03,-3.55,-3.37,84.7,15
448,ICXUSDT,CVCUSDT,0.01,-3.77,-3.37,1.67,15
850,YGGUSDT,AGLDUSDT,0.04,-3.41,-3.37,0.91,15
318,BAKEUSDT,GRTUSDT,0.03,-3.48,-3.37,2.93,15
293,BAKEUSDT,COTIUSDT,0.03,-3.58,-3.37,2.47,14
677,USDCUSDT,ANTUSDT,0.0,-13.19,-3.37,0.52,14
733,XRPUSDT,API3USDT,0.0,-13.68,-3.37,0.26,14
638,TRXUSDT,ALGOUSDT,0.03,-3.51,-3.37,0.19,14
732,XRPUSDT,APEUSDT,0.0,-13.91,-3.37,0.13,14
241,ASTRUSDT,RSRUSDT,0.0,-4.51,-3.37,8.8,14
202,ASTRUSDT,CTCUSDT,0.0,-4.24,-3.37,0.1,14
319,BAKEUSDT,GTCUSDT,0.04,-3.47,-3.37,0.11,14
395,COTIUSDT,1000LUNCUSDT,0.04,-3.46,-3.37,0.42,14
183,ASTRUSDT,ALPHAUSDT,0.0,-4.34,-3.37,0.42,14
792,XRPUSDT,FLMUSDT,0.0,-13.66,-3.37,4.78,14
794,XRPUSDT,FTMUSDT,0.0,-13.68,-3.37,2.09,14
743,XRPUSDT,BANDUSDT,0.0,-13.62,-3.37,0.19,14
818,XRPUSDT,KLAYUSDT,0.0,-13.61,-3.37,2.2,14
823,XRPUSDT,LINKUSDT,0.0,-13.66,-3.37,0.06,14
75,AGLDUSDT,AXSUSDT,0.04,-3.39,-3.37,0.03,14
71,AGLDUSDT,1INCHUSDT,0.03,-3.56,-3.37,0.47,14
840,XRPUSDT,OMGUSDT,0.0,-13.75,-3.37,0.33,14
70,AGLDUSDT,1000XECUSDT,0.01,-3.99,-3.37,8.34,14
845,YGGUSDT,1000LUNCUSDT,0.03,-3.55,-3.37,1.27,14
1,10000NFTUSDT,CRVUSDT,0.02,-3.73,-3.37,0.01,14
451,ICXUSDT,STMXUSDT,0.02,-3.64,-3.37,30.98,14
459,KDAUSDT,1000LUNCUSDT,0.02,-3.6,-3.37,5.14,14
852,YGGUSDT,ALGOUSDT,0.03,-3.56,-3.37,0.81,14
854,YGGUSDT,ALPHAUSDT,0.03,-3.57,-3.37,2.52,14
473,LITUSDT,RSS3USDT,0.04,-3.45,-3.37,5.75,14
30,1INCHUSDT,ALGOUSDT,0.04,-3.4,-3.37,1.9,14
491,QTUMUSDT,ARUSDT,0.02,-3.6,-3.37,0.21,14
100,AKROUSDT,ALGOUSDT,0.03,-3.5,-3.37,0.01,14
98,AGLDUSDT,NEOUSDT,0.01,-3.89,-3.37,0.04,14
669,USDCUSDT,ACHUSDT,0.0,-12.89,-3.37,102.69,14
749,XRPUSDT,BLZUSDT,0.0,-13.67,-3.37,6.49,14
368,C98USDT,ADAUSDT,0.01,-3.86,-3.37,0.84,14
115,ALICEUSDT,BCHUSDT,0.04,-3.46,-3.37,0.01,14
109,AKROUSDT,RSS3USDT,0.04,-3.42,-3.37,0.02,14
756,XRPUSDT,C98USDT,0.0,-13.61,-3.37,1.3,14
401,COTIUSDT,AKROUSDT,0.01,-3.79,-3.37,26.73,14
367,C98USDT,ACHUSDT,0.02,-3.72,-3.37,28.58,14
571,SUNUSDT,1INCHUSDT,0.0,-4.46,-3.37,0.01,14
176,API3USDT,SUSHIUSDT,0.03,-3.47,-3.37,1.15,14
403,COTIUSDT,ALICEUSDT,0.01,-3.82,-3.37,0.06,14
177,API3USDT,SXPUSDT,0.04,-3.42,-3.37,5.77,14
366,C98USDT,AAVEUSDT,0.01,-3.82,-3.37,0.0,14
199,ASTRUSDT,CELUSDT,0.02,-3.63,-3.37,0.07,13
678,USDCUSDT,APEUSDT,0.0,-12.74,-3.37,0.33,13
857,YGGUSDT,API3USDT,0.03,-3.55,-3.37,0.15,13
851,YGGUSDT,AKROUSDT,0.02,-3.61,-3.37,81.29,13
188,ASTRUSDT,BANDUSDT,0.0,-4.42,-3.37,0.02,13
710,XMRUSDT,APTUSDT,0.04,-3.45,-3.37,29.53,13
687,WAVESUSDT,APTUSDT,0.0,-4.29,-3.37,0.52,13
230,ASTRUSDT,MATICUSDT,0.0,-5.19,-3.37,0.04,13
250,ASTRUSDT,STORJUSDT,0.0,-4.13,-3.37,0.12,13
73,AGLDUSDT,APEUSDT,0.03,-3.55,-3.37,0.08,13
825,XRPUSDT,LOOKSUSDT,0.0,-13.85,-3.37,2.79,13
779,XRPUSDT,DOGEUSDT,0.0,-13.63,-3.37,4.46,13
224,ASTRUSDT,KAVAUSDT,0.0,-4.71,-3.37,0.04,13
810,XRPUSDT,INJUSDT,0.0,-13.61,-3.37,0.22,13
788,XRPUSDT,ETHUSDT,0.0,-13.62,-3.37,0.0,13
713,XMRUSDT,BNXUSDT,0.02,-3.67,-3.37,0.87,13
69,AGLDUSDT,1000BTTUSDT,0.03,-3.52,-3.37,361.01,13
496,RENUSDT,10000NFTUSDT,0.0,-4.73,-3.37,16.0,13
440,HNTUSDT,1INCHUSDT,0.03,-3.58,-3.37,4.73,13
541,RUNEUSDT,QNTUSDT,0.02,-3.7,-3.37,0.01,13
329,BAKEUSDT,KLAYUSDT,0.04,-3.43,-3.37,1.05,13
429,FILUSDT,1000LUNCUSDT,0.0,-4.24,-3.37,24.98,13
442,HNTUSDT,ACHUSDT,0.02,-3.59,-3.37,252.35,13
336,BAKEUSDT,LPTUSDT,0.03,-3.55,-3.37,0.03,13
654,TRXUSDT,STGUSDT,0.0,-4.69,-3.37,0.13,13
608,TOMOUSDT,DOTUSDT,0.04,-3.46,-3.37,0.05,13
754,XRPUSDT,BSWUSDT,0.0,-13.67,-3.37,1.84,12
365,C98USDT,1INCHUSDT,0.02,-3.77,-3.37,0.54,12
158,API3USDT,AXSUSDT,0.04,-3.43,-3.37,0.2,12
246,ASTRUSDT,SKLUSDT,0.0,-4.19,-3.37,1.34,12
84,AGLDUSDT,CVXUSDT,0.01,-3.88,-3.37,0.06,12
555,SFPUSDT,ETHWUSDT,0.03,-3.53,-3.37,0.16,12
774,XRPUSDT,DARUSDT,0.0,-13.61,-3.37,2.82,12
558,SFPUSDT,MASKUSDT,0.01,-3.87,-3.37,0.2,12
706,XEMUSDT,STGUSDT,0.04,-3.41,-3.37,0.08,12
559,SFPUSDT,QNTUSDT,0.04,-3.46,-3.37,0.01,12
280,BAKEUSDT,BELUSDT,0.0,-5.89,-3.37,0.45,12
757,XRPUSDT,CEEKUSDT,0.0,-14.58,-3.37,3.78,12
317,BAKEUSDT,GMTUSDT,0.03,-3.55,-3.37,0.46,12
332,BAKEUSDT,LDOUSDT,0.01,-3.85,-3.37,0.15,12
758,XRPUSDT,CELOUSDT,0.0,-13.97,-3.37,0.86,12
625,TOMOUSDT,LDOUSDT,0.04,-3.42,-3.37,0.25,12
33,1INCHUSDT,PEOPLEUSDT,0.03,-3.56,-3.37,22.72,12
396,COTIUSDT,1000XECUSDT,0.02,-3.76,-3.37,2.5,12
146,ALPHAUSDT,OCEANUSDT,0.02,-3.73,-3.37,0.67,12
269,BAKEUSDT,ALGOUSDT,0.0,-4.12,-3.37,0.66,12
402,COTIUSDT,ALGOUSDT,0.0,-4.32,-3.37,0.26,12
77,AGLDUSDT,BCHUSDT,0.0,-4.91,-3.37,0.0,12
820,XRPUSDT,KSMUSDT,0.0,-13.75,-3.37,0.02,12
542,RUNEUSDT,QTUMUSDT,0.03,-3.53,-3.37,0.58,12
287,BAKEUSDT,CEEKUSDT,0.04,-3.45,-3.37,1.79,12
834,XRPUSDT,MKRUSDT,0.0,-13.61,-3.37,0.0,12
400,COTIUSDT,AGLDUSDT,0.02,-3.63,-3.37,0.3,12
357,BSWUSDT,ALICEUSDT,0.04,-3.47,-3.37,0.17,12
173,API3USDT,PEOPLEUSDT,0.03,-3.5,-3.37,62.32,12
462,KDAUSDT,ALGOUSDT,0.04,-3.38,-3.37,3.25,12
408,COTIUSDT,API3USDT,0.02,-3.59,-3.37,0.05,12
816,XRPUSDT,KAVAUSDT,0.0,-13.62,-3.37,0.42,12
680,USDCUSDT,APTUSDT,0.0,-12.96,-3.37,0.23,12
859,YGGUSDT,ARUSDT,0.01,-3.81,-3.37,0.02,11
727,XRPUSDT,ALGOUSDT,0.0,-14.42,-3.37,1.38,11
134,ALICEUSDT,OGNUSDT,0.02,-3.76,-3.37,11.58,11
360,BTCUSDT,1000BTTUSDT,0.02,-3.62,-3.37,24846784.8,11
585,SUNUSDT,ARUSDT,0.01,-4.05,-3.37,0.0,11
535,RUNEUSDT,LINKUSDT,0.03,-3.48,-3.37,0.19,11
787,XRPUSDT,ETCUSDT,0.0,-13.61,-3.37,0.02,11
340,BAKEUSDT,MASKUSDT,0.03,-3.55,-3.37,0.06,11
614,TOMOUSDT,FTMUSDT,0.01,-4.11,-3.37,1.65,11
739,XRPUSDT,AVAXUSDT,0.0,-13.63,-3.37,0.03,11
341,BAKEUSDT,MATICUSDT,0.01,-3.8,-3.37,0.2,11
712,XMRUSDT,BICOUSDT,0.04,-3.4,-3.37,441.99,11
83,AGLDUSDT,CVCUSDT,0.0,-4.39,-3.37,2.63,11
863,ZILUSDT,APEUSDT,0.01,-3.98,-3.37,0.01,11
831,XRPUSDT,MASKUSDT,0.0,-13.65,-3.37,0.13,11
780,XRPUSDT,DOTUSDT,0.0,-13.6,-3.37,0.07,11
480,NEOUSDT,1000LUNCUSDT,0.04,-3.41,-3.37,38.33,11
838,XRPUSDT,OCEANUSDT,0.0,-13.63,-3.37,2.88,11
695,WAVESUSDT,FITFIUSDT,0.03,-3.51,-3.37,60.64,11
309,BAKEUSDT,ETHWUSDT,0.04,-3.39,-3.37,0.05,11
587,TOMOUSDT,1000LUNCUSDT,0.04,-3.45,-3.37,1.72,11
431,FILUSDT,ACHUSDT,0.02,-3.74,-3.37,444.01,10
362,C98USDT,1000BTTUSDT,0.01,-3.9,-3.37,415.18,10
540,RUNEUSDT,ONEUSDT,0.03,-3.55,-3.37,84.77,10
406,COTIUSDT,ANTUSDT,0.0,-4.63,-3.37,0.04,10
657,TRXUSDT,SXPUSDT,0.0,-4.51,-3.37,0.2,10
510,RENUSDT,ANTUSDT,0.01,-4.07,-3.37,0.04,10
361,C98USDT,10000NFTUSDT,0.02,-3.72,-3.37,57.24,10
486,QNTUSDT,AAVEUSDT,0.04,-3.41,-3.37,1.95,10
274,BAKEUSDT,ARPAUSDT,0.03,-3.51,-3.37,6.75,10
839,XRPUSDT,OGNUSDT,0.0,-13.66,-3.37,3.67,10
673,USDCUSDT,ALGOUSDT,0.0,-12.89,-3.37,3.66,10
414,COTIUSDT,AVAXUSDT,0.03,-3.49,-3.37,0.01,10
363,C98USDT,1000LUNCUSDT,0.01,-3.89,-3.37,1.61,10
781,XRPUSDT,DUSKUSDT,0.0,-13.61,-3.37,4.22,10
667,USDCUSDT,1INCHUSDT,0.0,-12.85,-3.37,1.92,10
92,AGLDUSDT,HBARUSDT,0.05,-3.38,-3.37,5.06,10
7,1000BTTUSDT,DYDXUSDT,0.0,-4.54,-3.37,0.0,10
397,COTIUSDT,1INCHUSDT,0.01,-4.0,-3.37,0.14,10
184,ASTRUSDT,ARUSDT,0.01,-4.02,-3.37,0.0,10
775,XRPUSDT,DASHUSDT,0.0,-14.01,-3.37,0.01,10
560,SFPUSDT,XNOUSDT,0.01,-3.93,-3.37,1.04,10
106,AKROUSDT,CHZUSDT,0.02,-3.6,-3.37,0.01,10
436,HNTUSDT,10000NFTUSDT,0.0,-4.13,-3.37,506.31,10
640,TRXUSDT,ARUSDT,0.0,-4.84,-3.37,0.01,10
235,ASTRUSDT,OGNUSDT,0.01,-3.78,-3.37,0.35,10
583,SUNUSDT,APTUSDT,0.0,-4.31,-3.37,0.0,10
523,RUNEUSDT,BTCUSDT,0.04,-3.42,-3.37,0.0,10
204,ASTRUSDT,DARUSDT,0.0,-4.75,-3.37,0.27,10
450,ICXUSDT,SCUSDT,0.03,-3.52,-3.37,64.14,10
705,XEMUSDT,SCUSDT,0.04,-3.42,-3.37,13.28,10
231,ASTRUSDT,MINAUSDT,0.01,-3.98,-3.37,0.07,10
577,SUNUSDT,ALGOUSDT,0.0,-4.35,-3.37,0.02,10
103,AKROUSDT,ARUSDT,0.01,-4.09,-3.37,0.0,9
789,XRPUSDT,ETHWUSDT,0.0,-13.62,-3.37,0.1,9
664,USDCUSDT,1000BTTUSDT,0.0,-12.84,-3.37,1492.29,9
359,BSWUSDT,ARUSDT,0.04,-3.4,-3.37,0.02,9
856,YGGUSDT,APEUSDT,0.02,-3.66,-3.37,0.07,9
284,BAKEUSDT,BNXUSDT,0.02,-3.71,-3.37,0.0,9
478,MTLUSDT,10000NFTUSDT,0.03,-3.58,-3.37,140.06,9
644,TRXUSDT,CELOUSDT,0.01,-3.79,-3.37,0.11,9
476,MINAUSDT,1000LUNCUSDT,0.01,-3.86,-3.37,3.2,9
356,BSWUSDT,10000NFTUSDT,0.0,-4.31,-3.37,42.25,9
537,RUNEUSDT,LRCUSDT,0.03,-3.52,-3.37,4.79,9
207,ASTRUSDT,DYDXUSDT,0.0,-5.65,-3.37,0.02,9
618,TOMOUSDT,ILVUSDT,0.01,-3.95,-3.37,0.01,9
797,XRPUSDT,GALUSDT,0.0,-13.61,-3.37,0.26,9
339,BAKEUSDT,MANAUSDT,0.03,-3.59,-3.37,0.42,9
189,ASTRUSDT,BATUSDT,0.0,-4.36,-3.37,0.16,9
411,COTIUSDT,ARUSDT,0.0,-4.17,-3.37,0.01,8
800,XRPUSDT,GMXUSDT,0.0,-13.61,-3.37,0.01,8
557,SFPUSDT,KAVAUSDT,0.04,-3.39,-3.37,0.68,8
554,SFPUSDT,CTCUSDT,0.01,-3.8,-3.37,1.64,8
404,COTIUSDT,ALPHAUSDT,0.03,-3.54,-3.37,0.83,8
553,SFPUSDT,CHRUSDT,0.03,-3.55,-3.37,5.52,8
550,SCRTUSDT,APTUSDT,0.01,-3.91,-3.37,0.16,8
409,COTIUSDT,APTUSDT,0.0,-4.49,-3.37,0.02,8
94,AGLDUSDT,LPTUSDT,0.02,-3.69,-3.37,0.03,8
599,TOMOUSDT,C98USDT,0.01,-3.93,-3.37,1.03,8
652,TRXUSDT,SCUSDT,0.02,-3.67,-3.37,21.04,8
655,TRXUSDT,STMXUSDT,0.02,-3.76,-3.37,10.17,8
326,BAKEUSDT,JASMYUSDT,0.03,-3.53,-3.37,45.45,8
206,ASTRUSDT,DUSKUSDT,0.0,-4.21,-3.37,0.41,8
855,YGGUSDT,ANTUSDT,0.01,-3.97,-3.37,0.11,8
694,WAVESUSDT,FILUSDT,0.02,-3.74,-3.37,0.53,8
252,ASTRUSDT,SXPUSDT,0.0,-4.26,-3.37,0.15,8
11,1000BTTUSDT,SKLUSDT,0.0,-4.41,-3.37,0.02,8
715,XNOUSDT,ACHUSDT,0.05,-3.37,-3.37,60.78,8
752,XRPUSDT,BOBAUSDT,0.0,-13.8,-3.37,1.82,8
290,BAKEUSDT,CHZUSDT,0.04,-3.46,-3.37,0.8,8
276,BAKEUSDT,AUDIOUSDT,0.02,-3.74,-3.37,1.21,8
286,BAKEUSDT,C98USDT,0.02,-3.71,-3.37,0.62,8
666,USDCUSDT,1000XECUSDT,0.0,-12.73,-3.37,34.46,8
580,SUNUSDT,ANTUSDT,0.0,-4.22,-3.37,0.0,8
629,TOMOUSDT,LRCUSDT,0.01,-3.99,-3.37,1.2,7
869,ZILUSDT,SCUSDT,0.02,-3.61,-3.37,8.93,7
314,BAKEUSDT,GALAUSDT,0.03,-3.54,-3.37,6.36,7
634,TRBUSDT,10000NFTUSDT,0.03,-3.53,-3.37,2366.15,7
108,AKROUSDT,LTCUSDT,0.03,-3.52,-3.37,0.0,7
229,ASTRUSDT,MANAUSDT,0.0,-5.2,-3.37,0.09,7
717,XRPUSDT,10000NFTUSDT,0.0,-13.68,-3.37,77.54,7
513,RENUSDT,APTUSDT,0.01,-3.92,-3.37,0.02,7
393,CELUSDT,ARUSDT,0.0,-4.52,-3.37,0.05,7
154,ANKRUSDT,10000NFTUSDT,0.03,-3.52,-3.37,4.36,7
791,XRPUSDT,FITFIUSDT,0.0,-13.7,-3.37,9.98,7
515,RENUSDT,ARUSDT,0.0,-4.12,-3.37,0.01,7
194,ASTRUSDT,BNXUSDT,0.0,-4.4,-3.37,0.0,7
832,XRPUSDT,MATICUSDT,0.0,-13.61,-3.37,0.42,7
626,TOMOUSDT,LINKUSDT,0.03,-3.56,-3.37,0.05,7
801,XRPUSDT,GRTUSDT,0.0,-13.61,-3.37,6.17,7
244,ASTRUSDT,SCRTUSDT,0.01,-3.91,-3.37,0.05,6
642,TRXUSDT,BOBAUSDT,0.0,-5.06,-3.37,0.24,6
711,XMRUSDT,ARUSDT,0.0,-4.89,-3.37,13.61,6
149,ALPHAUSDT,SXPUSDT,0.04,-3.45,-3.37,0.35,6
74,AGLDUSDT,ARUSDT,0.02,-3.63,-3.37,0.03,6
828,XRPUSDT,LTCUSDT,0.0,-14.02,-3.37,0.01,6
399,COTIUSDT,ACHUSDT,0.01,-3.88,-3.37,7.44,6
72,AGLDUSDT,ANTUSDT,0.04,-3.39,-3.37,0.12,6
407,COTIUSDT,APEUSDT,0.01,-4.02,-3.37,0.02,6
506,RENUSDT,ALGOUSDT,0.01,-4.01,-3.37,0.28,6
653,TRXUSDT,SKLUSDT,0.0,-4.57,-3.37,1.86,6
410,COTIUSDT,ARPAUSDT,0.01,-3.82,-3.37,2.73,6
795,XRPUSDT,FXSUSDT,0.0,-13.61,-3.37,0.08,6
80,AGLDUSDT,C98USDT,0.03,-3.48,-3.37,0.84,6
836,XRPUSDT,NEARUSDT,0.0,-13.63,-3.37,0.2,5
498,RENUSDT,1000LUNCUSDT,0.0,-4.27,-3.37,0.45,5
3,10000NFTUSDT,ZECUSDT,0.04,-3.4,-3.37,0.0,5
842,YFIUSDT,NEOUSDT,0.03,-3.55,-3.37,927.27,5
581,SUNUSDT,APEUSDT,0.01,-3.93,-3.37,0.0,5
830,XRPUSDT,MANAUSDT,0.0,-13.62,-3.37,0.89,5
782,XRPUSDT,DYDXUSDT,0.0,-13.61,-3.37,0.17,5
275,BAKEUSDT,ARUSDT,0.02,-3.61,-3.37,0.02,5
650,TRXUSDT,LTCUSDT,0.04,-3.45,-3.37,0.0,5
704,XEMUSDT,NEARUSDT,0.05,-3.38,-3.37,0.02,5
344,BAKEUSDT,NEARUSDT,0.03,-3.59,-3.37,0.1,5
663,USDCUSDT,10000NFTUSDT,0.0,-13.06,-3.37,205.84,5
0,10000NFTUSDT,BITUSDT,0.02,-3.65,-3.37,0.02,5
88,AGLDUSDT,ETHWUSDT,0.04,-3.41,-3.37,0.06,5
87,AGLDUSDT,DYDXUSDT,0.03,-3.56,-3.37,0.11,5
858,YGGUSDT,APTUSDT,0.03,-3.58,-3.37,0.05,4
273,BAKEUSDT,APTUSDT,0.05,-3.38,-3.37,0.04,4
658,TRXUSDT,ZENUSDT,0.0,-4.62,-3.37,0.01,4
682,USDCUSDT,ARUSDT,0.0,-13.15,-3.37,0.1,4
647,TRXUSDT,CVXUSDT,0.0,-4.62,-3.37,0.01,4
97,AGLDUSDT,NEARUSDT,0.03,-3.49,-3.37,0.13,3
76,AGLDUSDT,BANDUSDT,0.04,-3.46,-3.37,0.12,3
233,ASTRUSDT,NEARUSDT,0.0,-4.35,-3.37,0.02,3
631,TOMOUSDT,MATICUSDT,0.01,-3.97,-3.37,0.33,3
228,ASTRUSDT,LTCUSDT,0.01,-4.09,-3.37,0.0,3
95,AGLDUSDT,LTCUSDT,0.02,-3.61,-3.37,0.0,3
338,BAKEUSDT,LTCUSDT,0.02,-3.7,-3.37,0.0,3
423,EGLDUSDT,10000NFTUSDT,0.03,-3.51,-3.37,8865.53,3
796,XRPUSDT,GALAUSDT,0.0,-13.65,-3.37,13.37,3
457,KDAUSDT,10000NFTUSDT,0.03,-3.51,-3.37,183.06,3
89,AGLDUSDT,GALAUSDT,0.04,-3.47,-3.37,8.59,3
766,XRPUSDT,CREAMUSDT,0.0,-13.66,-3.37,0.04,3
68,AGLDUSDT,10000NFTUSDT,0.03,-3.56,-3.37,49.79,3
768,XRPUSDT,CRVUSDT,0.0,-13.66,-3.37,0.66,3
511,RENUSDT,APEUSDT,0.01,-4.09,-3.37,0.03,2
294,BAKEUSDT,CREAMUSDT,0.04,-3.41,-3.37,0.02,1
567,SUNUSDT,10000NFTUSDT,0.01,-3.89,-3.37,1.04,1
81,AGLDUSDT,CREAMUSDT,0.03,-3.49,-3.37,0.03,1
200,ASTRUSDT,CREAMUSDT,0.0,-4.4,-3.37,0.0,1
689,WAVESUSDT,CREAMUSDT,0.01,-3.8,-3.37,0.26,1
201,ASTRUSDT,CRVUSDT,0.0,-5.67,-3.37,0.06,1
82,AGLDUSDT,CRVUSDT,0.03,-3.54,-3.37,0.42,1
181,ASTRUSDT,10000NFTUSDT,0.0,-5.54,-3.37,7.48,1
213,ASTRUSDT,GALAUSDT,0.0,-5.49,-3.37,1.29,1
296,BAKEUSDT,CRVUSDT,0.04,-3.44,-3.37,0.31,1
